Time,To_Johor,To_Woodlands
2025-12-30 22:48,0,43
2025-12-30 23:46,3,28
2025-12-31 00:58,6,4
2025-12-31 01:45,5,2
2025-12-31 03:01,3,3
2025-12-31 03:32,3,1
2025-12-31 04:46,3,6
2025-12-31 05:39,5,19
2025-12-31 06:44,7,15
2025-12-31 07:36,14,26
2025-12-31 11:59,1,3
2025-12-31 13:04,5,51
2025-12-31 13:56,9,47
2025-12-31 15:03,19,54
2025-12-31 15:52,12,48
2025-12-31 16:59,17,18
2025-12-31 17:50,6,7
2025-12-31 18:50,8,20
2025-12-31 19:35,8,20
2025-12-31 21:48,4,3
2025-12-31 22:45,9,7
2025-12-31 23:43,10,1
2026-01-01 00:56,6,4
2026-01-01 01:41,0,3
2026-01-01 02:57,5,0
2026-01-01 03:32,3,3
2026-01-01 03:45,2,5
2026-01-01 04:44,0,0
2026-01-01 05:37,4,4
2026-01-01 06:45,7,4
2026-01-01 07:38,6,2
2026-01-01 12:21,3,1
2026-01-01 13:48,12,4
2026-01-01 15:03,6,3
2026-01-01 15:44,5,1
2026-01-01 16:59,4,2
2026-01-01 17:49,7,10
2026-01-01 18:51,4,6
2026-01-01 19:35,3,7
2026-01-01 21:49,6,6
2026-01-01 22:46,5,10
2026-01-01 23:43,5,9
2026-01-02 00:58,2,2
2026-01-02 01:44,3,3
2026-01-02 03:00,2,1
2026-01-02 03:33,4,9
2026-01-02 04:47,1,5
